{
  "train_loss": [
    0.8754460639279822,
    0.3128825670999029,
    0.27958335014789,
    0.41615612338418545,
    0.22824391777748648,
    0.1812954555063144,
    0.24079067949205638,
    0.13547843471979318,
    0.10688167778856081,
    0.1635466432887251,
    0.09113337490707636,
    0.12760513239823607,
    0.10378019103942358,
    0.05838310072279495,
    0.06955422150659496,
    0.053115710850967016
  ],
  "val_loss": [
    0.1984431540966034,
    0.5719598042964935,
    3.6960338282585146,
    0.46327961921691896,
    4.3111307847499845,
    5.136426073014736,
    4.986030727624893,
    5.077305368185043,
    5.006143583059311,
    6.480778261423111,
    6.629024586677551,
    6.464256571531296,
    6.819403816461563,
    7.115125486850738,
    7.213913034498692,
    7.322306151390076
  ],
  "val_accuracy": [
    0.97,
    0.865,
    0.845,
    0.875,
    0.825,
    0.815,
    0.805,
    0.81,
    0.76,
    0.805,
    0.795,
    0.755,
    0.8,
    0.805,
    0.8,
    0.8
  ],
  "champ_accuracy": [
    1.0,
    0.25,
    0.15,
    0.25,
    0.1,
    0.05,
    0.05,
    0.05,
    0.05,
    0.05,
    0.05,
    0.0,
    0.0,
    0.0,
    0.0,
    0.0
  ]
}